date,day_of_week,day_of_year,price,demand,revenue,seasonal
2020-01-01,2,1,52.003753932905795,30,1560.112617987174,1.1690330572138499
2020-01-02,3,2,51.82264693548986,35,1813.792642742145,1.3020949324163735
2020-01-03,4,3,51.97903762971912,39,2027.1824675590458,1.3361364898506431
2020-01-04,5,4,51.98336084803114,30,1559.5008254409342,1.2467137728057436
2020-01-05,6,5,52.029704843691576,27,1404.8020307796726,1.1023155632678252
2020-01-06,0,6,52.12924977904807,25,1303.2312444762017,1.012789611353713
2020-01-07,1,7,52.02242241807357,28,1456.6278277060599,1.0466247296402762
2020-01-08,2,8,52.071953962339656,35,1822.518388681888,1.1793770225889753
2020-01-09,3,9,52.04395509573682,28,1457.230742680631,1.3120763523103434
2020-01-10,4,10,52.13253873548678,30,1563.9761620646034,1.345752596609062
2020-01-11,5,11,51.91000206678506,35,1816.850072337477,1.2559619070243824
2020-01-12,6,12,51.899635466932104,28,1453.1897930740988,1.1111931745806591
2020-01-13,0,13,51.83657229875398,27,1399.5874520663574,1.0212942591886507
2020-01-14,1,14,51.881792831413996,20,1037.63585662828,1.0547540839423553
2020-01-15,2,15,51.93096579082529,37,1921.4457342605358,1.1871288645108053
2020-01-16,3,16,51.856938581597824,38,1970.5636661007172,1.3194485748696003
2020-01-17,4,17,51.78243559345752,25,1294.560889836438,1.3527432053128319
2020-01-18,5,18,51.77085850385075,31,1604.896613619373,1.2625690204601712
2020-01-19,6,19,51.67705763781497,42,2170.4364207882286,1.1174150249738992
2020-01-20,0,20,51.765140484479346,24,1242.3633716275044,1.0271291929265278
2020-01-21,1,21,51.726516433443614,42,2172.513690204632,1.0602005620638097
2020-01-22,2,22,51.42240627197527,28,1439.8273756153076,1.192185463162561
2020-01-23,3,23,51.383194831280896,38,1952.561403588674,1.3241139857280817
2020-01-24,4,24,51.274549145361156,40,2050.981965814446,1.3570162359718498
2020-01-25,5,25,51.10389570124262,20,1022.0779140248524,1.266448594784258
2020-01-26,6,26,50.974444191169795,27,1376.3099931615845,1.1209001834171892
2020-01-27,0,27,50.98588979243298,27,1376.6190243956903,1.0302190928170945
2020-01-28,1,28,51.12488353658592,23,1175.8723213414762,1.062894477853365
2020-01-29,2,29,51.15764685508973,31,1585.8870525077816,1.1944827866414536
2020-01-30,3,30,51.09419842344647,38,1941.579540090966,1.3260142262055201
2020-01-31,4,31,51.1418921490302,38,1943.3919016631476,1.3585190204213051
2020-02-01,5,32,51.09386511285534,37,1890.4730091756476,1.2675536679540007
2020-02-02,6,33,51.0212005492296,31,1581.6572170261175,1.1216074079059253
2020-02-03,0,34,50.90043865033505,23,1170.7100889577061,1.0305284491146804
2020-02-04,1,35,50.71717373796107,28,1420.08086466291,1.06280606434659
2020-02-05,2,36,50.676382461073885,22,1114.8804141436256,1.1939968195848818
2020-02-06,3,37,50.692916987089774,33,1672.8662605739626,1.325131039657415
2020-02-07,4,38,50.68280884846899,37,1875.2639273933526,1.3572390661446367
2020-02-08,5,39,50.63929309949458,30,1519.1787929848374,1.2658775152825812
2020-02-09,6,40,50.54035531044029,25,1263.5088827610073,1.1195357435757012
2020-02-10,0,41,50.60398606282393,31,1568.7235679475418,1.0280620770602382
2020-02-11,1,42,50.46619630564922,27,1362.5873002525288,1.0599459054629332
2020-02-12,2,43,50.54737928830264,38,1920.8004129555004,1.1907439114545515
2020-02-13,3,44,50.44253387564278,25,1261.0633468910696,1.3214865362430293
2020-02-14,4,45,50.36381900504062,33,1662.0060271663403,1.3532042374469477
2020-02-15,5,46,50.21037349804038,42,2108.835686917696,1.261453746964146
2020-02-16,6,47,50.15792007327709,34,1705.369282491421,1.114724536550281
2020-02-17,0,48,50.259950906170886,25,1256.4987726542722,1.0228650470480447
2020-02-18,1,49,50.3138925562237,33,1660.358454355382,1.0543647825118556
2020-02-19,2,50,50.41624870080501,38,1915.8174506305904,1.1847805394275066
2020-02-20,3,51,50.470871850943034,35,1766.4805147830061,1.315142872271584
2020-02-21,4,52,50.3554131065521,31,1561.017806303115,1.3464823513513802
2020-02-22,5,53,50.32080809379229,36,1811.5490913765223,1.2543558206401115
2020-02-23,6,54,50.23918874578243,24,1205.7405298987783,1.1072528633222725
2020-02-24,0,55,50.378384820339434,29,1460.9731597898435,1.0150220309898261
2020-02-25,1,56,50.25318459211384,28,1407.0891685791876,1.046152937734087
2020-02-26,2,57,50.34667741978255,33,1661.4403548528242,1.176202489332757
2020-02-27,3,58,50.440092433925926,37,1866.2834200552593,1.306201348776962
2020-02-28,4,59,50.63149537504258,36,1822.733833501533,1.3371801940790065
2020-02-29,5,60,50.5886366338176,29,1467.0704623807105,1.24469597607568
2020-03-01,6,61,50.66315513565658,26,1317.242033527071,1.097238383941938
2020-03-02,0,62,50.90184668033243,27,1374.3498603689757,1.0046560743556943
2020-03-03,1,63,50.837233033516306,24,1220.0935928043914,1.0354387655585606
2020-03-04,2,64,50.67664712730771,39,1976.3892379650008,1.1651434665120186
2020-03-05,3,65,50.479972730358405,41,2069.6788819446947,1.2948009423938818
2020-03-06,4,66,50.554532017780645,27,1364.9723644800774,1.3254419723757724
2020-03-07,5,67,50.35752911627749,40,2014.3011646510995,1.2326236073964498
2020-03-08,6,68,50.318579523515425,32,1610.1945447524936,1.0848356356458293
2020-03-09,0,69,50.364328378993655,28,1410.2011946118223,0.9919268117004378
2020-03-10,1,70,50.38370023679171,30,1511.5110071037514,1.0223869505551362
2020-03-11,2,71,50.42820750568361,30,1512.8462251705082,1.1517731567506277
2020-03-12,3,72,50.45146202164314,36,1816.252632779153,1.2811162898415982
2020-03-13,4,73,50.585248628137826,39,1972.8246964973753,1.311447222146222
2020-03-14,5,74,50.48562349502222,27,1363.1118343655999,1.2183230964918934
2020-03-15,6,75,50.414800675892266,30,1512.444020276768,1.070233791672012
2020-03-16,0,76,50.333970080467225,19,956.3454315288773,0.9770281515545994
2020-03-17,1,77,50.42081933712302,34,1714.3078574621827,1.007196079087552
2020-03-18,2,78,50.51501316917322,33,1666.9954345827164,1.1362947654000972
2020-03-19,3,79,50.562217421259454,26,1314.6176529527459,1.2653551552452627
2020-03-20,4,80,50.6860268153748,30,1520.580804461244,1.2954082047241517
2020-03-21,5,81,50.56278785760642,28,1415.75806001298,1.202011139006836
2020-03-22,6,82,50.737201978172095,39,1978.7508771487117,1.05365391776475
2020-03-23,0,83,50.89655327520344,31,1577.7931515313066,0.9601854642553266
2020-03-24,1,84,50.973509254204366,19,968.496675829883,0.9900957593037482
2020-03-25,2,85,51.15990944332414,26,1330.1576455264276,1.118942070381302
2020-03-26,3,86,50.98660432023125,29,1478.6115252867062,1.2477554170252514
2020-03-27,4,87,50.93173997425952,45,2291.9282988416785,1.2775668285409258
2020-03-28,5,88,50.854817318477856,35,1779.9186061467249,1.183933601700944
2020-03-29,6,89,50.93029378315205,46,2342.7935140249942,1.0353457661563756
2020-03-30,0,90,50.82043490317371,31,1575.433481998385,0.9416523135006479
2020-03-31,1,91,50.89967910879016,28,1425.1910150461244,0.9713432912310482
2020-04-01,2,92,51.043055667827716,38,1939.6361153774533,1.0999760318073182
2020-04-02,3,93,51.11578326431145,39,1993.5155473081468,1.2285816180522704
2020-04-03,4,94,51.14546744708487,33,1687.8004257538007,1.258191140835124
2020-04-04,5,95,51.04212257653644,30,1531.2636772960932,1.164361956752483
2020-04-05,6,96,50.953530547736236,37,1885.2806302662407,1.0155841535217793
2020-04-06,0,97,51.08425753332833,22,1123.8536657332234,0.9217067790279719
2020-04-07,1,98,51.16578794677912,23,1176.8131227759197,0.951219935268348
2020-04-08,2,99,51.16170597896809,26,1330.2043554531701,1.0796810073950014
2020-04-09,3,100,51.11798700597834,35,1789.129545209242,1.2081211290998057
2020-04-10,4,101,50.906060189316,29,1476.2757454901641,1.237571440282697
2020-04-11,5,102,50.7940345884586,23,1168.2627955345479,1.1435893447181134
2020-04-12,6,103,50.99399479585132,26,1325.8438646921343,0.9946649754344604
2020-04-13,0,104,50.8600418792683,29,1474.9412144987807,0.9006474237473768
2020-04-14,1,105,50.879864023246576,24,1221.1167365579179,0.9300268331916828
2020-04-15,2,106,50.985256245795796,35,1784.4839686028529,1.0583606285515283
2020-04-16,3,107,50.85397441511623,33,1678.1811556988355,1.186679981233643
2020-04-17,4,108,50.87329762115374,31,1577.0722262557658,1.2160160669244335
2020-04-18,5,109,50.971416231907035,31,1580.113903189118,1.1219263232458132
2020-04-19,6,110,50.97272382950175,30,1529.1817148850525,0.9729009151246476
2020-04-20,0,111,51.272797462623906,18,922.9103543272303,0.878788963816562
2020-04-21,1,112,51.09823948310728,19,970.8665501790383,0.9080806408290238
2020-04-22,2,113,51.20899676173473,29,1485.0609060903073,1.0363333969431963
2020-04-23,3,114,51.19091937018826,32,1638.1094198460244,1.164578427579486
2020-04-24,4,115,51.271672625866344,28,1435.6068335242576,1.1938469304475257
2020-04-25,5,116,51.317839303897024,30,1539.5351791169107,1.0996963631954766
2020-04-26,6,117,51.24114128083566,27,1383.510814582563,0.950616908773543
2020-04-27,0,118,51.26509739095114,26,1332.8925321647296,0.8564577044524357
2020-04-28,1,119,51.07073584981327,19,970.343981146452,0.8857089357417084
2020-04-29,2,120,51.13384367171113,20,1022.6768734342227,1.0139280654074652
2020-04-30,3,121,51.165035067201785,33,1688.446157217659,1.142146298834357
2020-05-01,4,122,51.2318475316344,45,2305.433138923548,1.171394841672606
2020-05-02,5,123,51.34254097461297,23,1180.8784424160983,1.0772311574849627
2020-05-03,6,124,51.380998966366114,29,1490.0489700246173,0.9281454331084601
2020-05-04,0,125,51.39649111630579,23,1182.119295675033,0.8339868076717324
2020-05-05,1,126,51.30431948920878,28,1436.520945697846,0.8632454665127978
2020-05-06,2,127,51.229811594751276,28,1434.4347246530358,0.9914788701968198
2020-05-07,3,128,51.35396003627693,43,2208.220281559908,1.1197182198787456
2020-05-08,4,129,51.504220085233676,31,1596.6308226422439,1.1489947149515942
2020-05-09,5,130,51.47931052325029,31,1595.858626220759,1.05486581069527
2020-05-10,6,131,51.48412303084912,19,978.1983375861332,0.9058216836407568
2020-05-11,0,132,51.38948817068097,29,1490.2951569497482,0.8117114605905104
2020-05-12,1,133,51.512174348494455,16,824.1947895759113,0.841025312539874
2020-05-13,2,134,51.58178591979414,25,1289.5446479948537,0.9693206836991022
2020-05-14,3,135,51.78486343628505,22,1139.266995598271,1.0976287568608392
2020-05-15,4,136,51.692979000343016,24,1240.6314960082323,1.1269807110538597
2020-05-16,5,137,51.65343427758058,30,1549.6030283274174,1.0329339791978946
2020-05-17,6,138,51.677646641567,27,1395.2964593223091,0.8839787134744818
2020-05-18,0,139,51.74527816356583,20,1034.9055632713166,0.7899640143545409
2020-05-19,1,140,51.722716420920236,18,931.0088955765642,0.8193800245276117
2020-05-20,2,141,51.631392921083204,25,1290.7848230270802,0.9477841579322646
2020-05-21,3,142,51.72360003226404,37,1913.7732011937694,1.076207565132544
2020-05-22,4,143,51.79904051395799,36,1864.7654585024877,1.1056813909812586
2020-05-23,5,144,51.703185889291944,28,1447.6892049001744,1.0117630322849387
2020-05-24,6,145,51.84498348116574,21,1088.7446531044807,0.8629426031853822
2020-05-25,0,146,51.96740204345592,22,1143.2828449560302,0.7690691641985075
2020-05-26,1,147,51.98145126773251,16,831.7032202837202,0.7986328161554287
2020-05-27,2,148,51.9897782773223,16,831.8364524371568,0.9271909292452728
2020-05-28,3,149,52.04774019031422,19,988.9070636159702,1.0557746084045752
2020-05-29,4,150,51.95759443117711,33,1714.6006162288445,1.0854149509941062
2020-05-30,5,151,51.96073612879976,19,987.2539864471954,0.9916693044778953
2020-05-31,6,152,51.735567790331,17,879.5046524356269,0.8430277318193836
2020-06-01,0,153,51.82725686774182,24,1243.8541648258038,0.7493392405354784
2020-06-02,1,154,51.663903623703106,22,1136.6058797214682,0.779093876653293
2020-06-03,2,155,51.82118160774838,26,1347.350721801458,0.9078489537692248
2020-06-04,3,156,51.78664659504595,29,1501.8127512563326,1.036635518455117
2020-06-05,4,157,51.764503374917034,35,1811.7576181220961,1.0664846079523804
2020-06-06,5,158,51.69883394486235,19,982.2778449523846,0.9729535078688316
2020-06-07,6,159,51.66870119514036,17,878.367920317386,0.8245322175931735
2020-06-08,0,160,51.81709869931791,26,1347.2445661822658,0.7310696793678894
2020-06-09,1,161,51.55684037174279,21,1082.6936478065986,0.7610558722653242
2020-06-10,2,162,51.690428167927045,22,1137.189419694395,0.8900480412665989
2020-06-11,3,163,51.72578998148194,37,1913.8542293148316,1.019077162688125
2020-06-12,4,164,51.599519243339316,34,1754.3836542735366,1.0491742018965136
2020-06-13,5,165,51.487027069031356,21,1081.2275684496585,0.9558963710267242
2020-06-14,6,166,51.66240038179548,23,1188.235208781296,0.8077335944183369
2020-06-15,0,167,51.56348761427284,15,773.4523142140926,0.714534737710642
2020-06-16,1,168,51.442831600713625,21,1080.299463614986,0.7447897018414725
2020-06-17,2,169,51.56181003578948,28,1443.7306810021055,0.8740556521492272
2020-06-18,3,170,51.59722723121826,28,1444.7223624741114,1.0033634838230077
2020-06-19,4,171,51.49910757024752,28,1441.9750119669304,1.0337440796415613
2020-06-20,5,172,51.52176946334035,21,1081.9571587301473,0.9407545677159087
2020-06-21,6,173,51.41446190282976,17,874.0458523481059,0.7928847869505009
2020-06-22,0,174,51.529622663027205,18,927.5332079344897,0.6999835161636394
2020-06-23,1,175,51.6406563759814,31,1600.8603476554233,0.7305405681120195
2020-06-24,2,176,51.69631139719908,19,982.2299165467825,0.8601130186189067
2020-06-25,3,177,51.73414602033296,22,1138.1512124473252,0.9897316720507797
2020-06-26,4,178,51.91839004356967,24,1246.0413610456721,1.020427319083189
2020-06-27,5,179,51.91835722918536,26,1349.8772879588194,0.9277569944706772
2020-06-28,6,180,51.7947172609433,25,1294.8679315235825,0.78021044253561
2020-06-29,0,181,51.84173829229758,10,518.4173829229758,0.6876363463166105
2020-06-30,1,182,52.0599669389941,12,624.7196032679292,0.7185244216214879
2020-07-01,2,183,51.95380941442171,30,1558.6142824326514,0.8484316461841421
2020-07-02,3,184,51.91599553557161,31,1609.3958616027198,0.9783887251702772
2020-07-03,4,185,51.95956140592778,29,1506.8272807719056,1.00942634897264
2020-07-04,5,186,51.95392223194486,18,935.1706001750074,0.9171014510106871
2020-07-05,6,187,51.85116003344197,22,1140.7255207357234,0.7699036732494046
2020-07-06,0,188,51.96852149075204,15,779.5278223612806,0.6776815953780995
2020-07-07,1,189,52.211229030430495,22,1148.647038669471,0.7089248288939558
2020-07-08,2,190,52.231747025404246,26,1358.0254226605105,0.8391902462898301
2020-07-09,3,191,52.137169293116706,32,1668.3894173797346,0.9695084465911448
2020-07-10,4,192,51.97512713819802,27,1403.3284327313465,1.0009100131826225
2020-07-11,5,193,52.00211490401787,22,1144.0465278883933,0.908951771639612
2020-07-12,6,194,52.11759535725325,12,625.411144287039,0.7621232552788908
2020-07-13,0,195,52.167304310028086,22,1147.6806948206179,0.6702729343696443
2020-07-14,1,196,52.16705283585797,14,730.3387397020116,0.7018903102494388
2020-07-15,2,197,52.10540707617334,19,990.0027344472935,0.8325321445446803
2020-07-16,3,198,51.991152034997675,23,1195.7964968049466,0.9632289247403412
2020-07-17,4,199,52.078478278340285,19,989.4910872884655,0.9950111220397488
2020-07-18,5,200,52.17407110994441,22,1147.829564418777,0.9034354492291553
2020-07-19,6,201,52.01236693381718,22,1144.2720725439779,0.75699132626197
2020-07-20,0,202,52.17868552608035,20,1043.573710521607,0.6655271095033193
2020-07-21,1,203,52.23874111575218,22,1149.252304546548,0.6975321858797796
2020-07-22,2,204,52.385157585793756,16,838.1625213727001,0.8285632021337227
2020-07-23,3,205,52.24475292794543,26,1358.3635761265812,0.9596505304271163
2020-07-24,4,206,52.10186930644328,24,1250.4448633546385,0.9918245262354558
2020-07-25,5,207,52.086285108149646,29,1510.5022681363398,0.9006417862466416
2020-07-26,6,208,52.13888313803866,18,938.4998964846958,0.7545916139796023
2020-07-27,0,209,52.32680669971143,13,680.2484870962486,0.6635222490633682
2020-07-28,1,210,52.40067207386827,17,890.8114252557606,0.6959229614214041
2020-07-29,2,211,52.37528434034183,25,1309.3821085085458,0.8273502805605937
2020-07-30,3,212,52.267912283105815,27,1411.233631643857,0.9588344612098078
2020-07-31,4,213,52.3965869266044,25,1309.91467316511,0.9914057412486241
2020-08-01,5,214,52.29566573234414,22,1150.504646111571,0.9006205996410521
2020-08-02,6,215,52.4660254991455,26,1364.116662977783,0.7549682220890402
2020-08-03,0,216,52.436275030555315,26,1363.343150794438,0.66429673034646
2020-08-04,1,217,52.60267136051546,19,999.4507558497937,0.6970952764383618
2020-08-05,2,218,52.67369672720718,14,737.4317541809005,0.8289202719849146
2020-08-06,3,219,52.65936515195762,16,842.549842431322,0.9608018538748878
2020-08-07,4,220,52.605029288656816,24,1262.5207029277635,0.9937701422292933
2020-08-08,5,221,52.569365728365625,18,946.2485831105812,0.9033814983700047
2020-08-09,6,222,52.61417342920599,18,947.0551217257079,0.7581249905081295
2020-08-10,0,223,52.62224503897969,19,999.8226557406141,0.6678486230928202
2020-08-11,1,224,52.56012435958056,18,946.0822384724502,0.7010414310652475
2020-08-12,2,225,52.54279708092111,18,945.77034745658,0.83325970921728
2020-08-13,3,226,52.551017297651526,19,998.4693286553791,0.9655334778995627
2020-08-14,4,227,52.32832301052891,21,1098.8947832211072,0.9988927410196988
2020-08-15,5,228,52.37625357262819,27,1414.158846460961,0.9088937440453023
2020-08-16,6,229,52.27376152334423,12,627.2851382801307,0.7640254397266951
2020-08-17,0,230,52.15310740406217,16,834.4497184649947,0.6741357174799412
2020-08-18,1,231,51.9765884355841,20,1039.531768711682,0.7077134976749083
2020-08-19,2,232,51.78892309399191,18,932.2006156918544,0.8403149610278854
2020-08-20,3,233,51.64712501022481,24,1239.5310002453955,0.9729700143434711
2020-08-21,4,234,51.57295185861852,40,2062.9180743447405,1.0067085485464033
2020-08-22,5,235,51.777289099393904,21,1087.323071087272,0.9170866967180856
2020-08-23,6,236,51.72227499507574,22,1137.8900498916664,0.7725932998526068
2020-08-24,0,237,51.740870052723004,12,620.890440632676,0.6830761362728486
2020-08-25,1,238,51.78276580527749,22,1139.2208477161048,0.7170240159515056
2020-08-26,2,239,51.796476990853705,19,984.1330628262203,0.8499930099364061
2020-08-27,3,240,51.788375360723414,24,1242.9210086573619,0.9830129161248928
2020-08-28,4,241,51.663331517396415,25,1291.5832879349105,1.017113517327922
2020-08-29,5,242,51.81511810120618,24,1243.5628344289485,0.9278508393386242
2020-08-30,6,243,52.00417523582024,27,1404.1127313671466,0.7837136167201351
2020-08-31,0,244,51.82814644981946,22,1140.219221896028,0.694549522253219
2020-09-01,1,245,51.721019252656156,9,465.4891732739054,0.7288472612885721
2020-09-02,2,246,51.69174731827569,23,1188.910188320341,0.8621628012031439
2020-09-03,3,247,51.590843660461445,28,1444.5436224929203,0.9955258372052388
2020-09-04,4,248,51.643774479078516,40,2065.7509791631405,1.0299660504290429
2020-09-05,5,249,51.567587387712024,18,928.2165729788164,0.9410393660333244
2020-09-06,6,250,51.794081442965656,21,1087.6757103022787,0.797234419019054
2020-09-07,0,251,51.91862887761134,20,1038.3725775522269,0.708398783706566
2020-09-08,1,252,51.94086698726375,18,934.9356057707475,0.743021068117025
2020-09-09,2,253,52.04830359684067,14,728.6762503557693,0.8766571434575798
2020-09-10,3,254,52.1639956916293,26,1356.263887982362,1.0103366099549718
2020-09-11,4,255,52.10499918090623,26,1354.729978703562,1.045089054978194
2020-09-12,5,256,52.01961185240552,27,1404.529520014949,0.956470311165003
2020-09-13,6,257,52.02778667036294,27,1404.7502400997994,0.8129689222669269
2020-09-14,0,258,52.11792542607114,19,990.2405830953517,0.724432372653479
2020-09-15,1,259,52.132473018664484,21,1094.7819333919542,0.7593491817202728
2020-09-16,2,260,51.96749792463193,27,1403.122443965062,0.8932751334004485
2020-09-17,3,261,51.88351166364267,26,1348.9713032547095,1.0272397420241342
2020-09-18,4,262,51.87577310476499,20,1037.5154620952999,1.0622725104665556
2020-09-19,5,263,51.867857462384265,26,1348.564294021991,0.9739291882995841
2020-09-20,6,264,52.07421196905187,20,1041.4842393810375,0.8306982376613766
2020-09-21,0,265,51.92921894357119,24,1246.3012546457087,0.7424270627847525
2020-09-22,1,266,51.98211039491916,13,675.7674351339491,0.7776041044290626
2020-09-23,2,267,52.137891703150274,30,1564.1367510945083,0.9117850694149225
2020-09-24,3,268,52.375515971544786,30,1571.2654791463435,1.045999396506499
2020-09-25,4,269,52.3332105487555,29,1517.6631059139095,1.0812765145820622
2020-09-26,5,270,52.38462069525136,30,1571.5386208575408,0.9931721008074127
2020-09-27,6,271,52.444225310459046,23,1206.2171821405582,0.8501745465269873
2020-09-28,0,272,52.46467533517936,20,1049.2935067035871,0.7621311868132283
2020-09-29,1,273,52.454334794440506,19,996.6323610943696,0.7975303949189452
2020-09-30,2,274,52.49994369825919,26,1364.9985361547388,0.9319278118320253
2020-10-01,3,275,52.23503661651207,19,992.4656957137294,1.0663528121772659
2020-10-02,4,276,52.3063902812352,28,1464.5789278745856,1.1018347624059015
2020-10-03,5,277,52.31959019116306,31,1621.9072959260548,1.0139292789875474
2020-10-04,6,278,52.29631631742246,21,1098.2226426658717,0.8711246943192823
2020-10-05,0,279,52.51044570009639,18,945.188022601735,0.7832682862924879
2020-10-06,1,280,52.43983850187294,20,1048.7967700374588,0.8188483727621507
2020-10-07,2,281,52.397671318908856,20,1047.953426378177,0.9534205411179981
2020-10-08,3,282,52.60601464561406,27,1420.3623954315797,1.088014114202206
2020-10-09,4,283,52.51896981478619,20,1050.3793962957238,1.1236584085142673
2020-10-10,5,284,52.46142033921278,37,1941.0725525508728,1.0359089924177345
2020-10-11,6,285,52.446039497638566,17,891.5826714598556,0.8932541520635782
2020-10-12,0,286,52.53399165974677,17,893.0778582156951,0.805541120970705
2020-10-13,1,287,52.55573060373172,18,946.0031508671709,0.8412581745084249
2020-10-14,2,288,52.420504564483345,25,1310.5126141120836,0.9759608594801581
2020-10-15,3,289,52.36483255777024,27,1413.8504790597965,1.1106784600532054
2020-10-16,4,290,52.30129509534606,27,1412.1349675743436,1.146440255975023
2020-10-17,5,291,52.29321673287612,22,1150.4507681232747,1.0588017807909136
2020-10-18,6,292,52.337765721043816,27,1413.1196744681831,0.9162512877776459
2020-10-19,0,293,52.381515681606004,24,1257.156376358544,0.8286359795337731
2020-10-20,1,294,52.19572090689606,21,1096.1101390448173,0.8644441024712017
2020-10-21,2,295,52.307023478873944,23,1203.0615400141007,0.9992311764075431
2020-10-22,3,296,52.33344558544713,23,1203.669248465284,1.1340264605038035
2020-10-23,4,297,52.47828630470197,24,1259.4788713128473,1.1698592114881448
2020-10-24,5,298,52.52475543868004,25,1313.118885967001,1.0822849418803504
2020-10-25,6,299,52.63996866874397,21,1105.4393420436234,0.9397918859317088
2020-10-26,0,300,52.68877559856032,15,790.3316339784047,0.8522272292209042
2020-10-27,1,301,52.82960896326766,22,1162.2513971918886,0.8880792031507171
2020-10-28,2,302,52.884243421085785,34,1798.0642763169167,1.0229033145447592
2020-10-29,3,303,52.87400016615683,25,1321.8500041539207,1.1577288115890423
2020-10-30,4,304,53.11172747621888,25,1327.793186905472,1.1935849420589781
2020-10-31,5,305,53.204732745731455,15,798.0709911859718,1.1060272115465024
2020-11-01,6,306,53.26475414772872,23,1225.0893453977606,0.9635438494020013
2020-11-02,0,307,53.13123549787096,16,850.0997679659354,0.8759820383317022
2020-11-03,1,308,52.9964611513622,20,1059.929223027244,0.9118300088951425
2020-11-04,2,309,53.02708313735677,26,1378.704161571276,1.046643269102221
2020-11-05,3,310,53.042306616645824,27,1432.1422786494372,1.18145107035438
2020-11-06,4,311,52.978061116383834,32,1695.2979557242827,1.2172826656706954
2020-11-07,5,312,52.99280980757504,27,1430.8058648045262,1.129693567913394
2020-11-08,6,313,53.1590016030523,17,903.7030272518891,0.9871720157276453
2020-11-09,0,314,53.231750077716,26,1384.025502020616,0.8995652031362117
2020-11-10,1,315,53.11238520384711,23,1221.5848596884834,0.9353613740335547
2020-11-11,2,316,53.100719877100275,27,1433.7194366817075,1.0701160517789339
2020-11-12,3,317,53.0165095301709,17,901.2806620129053,1.204858505133047
2020-11-13,4,318,52.975950891715954,25,1324.398772292899,1.2406180064789434
2020-11-14,5,319,52.93268111648108,32,1693.8457957273945,1.1529500900418554
2020-11-15,6,320,52.88271294864163,19,1004.771546024191,1.0103430178226471
2020-11-16,0,321,52.75140886625889,19,1002.2767684589189,0.9226440091854846
2020-11-17,1,322,52.73805446545649,20,1054.7610893091298,0.95834133534453
2020-11-18,2,323,52.679407348199916,16,842.8705175711987,1.0929905489488505
2020-11-19,3,324,52.37294751867308,19,995.0860028547885,1.2276209500104651
2020-11-20,4,325,52.58771607181393,32,1682.8069142980457,1.26326184411593
2020-11-21,5,326,52.70161605707873,30,1581.048481712362,1.1754688006363596
2020-11-22,6,327,52.66224992774357,21,1105.907248482615,1.0327301186504592
2020-11-23,0,328,52.66421865407595,25,1316.6054663518987,0.9448930565212071
2020-11-24,1,329,52.54164781241255,29,1523.707786559964,0.9804459263710029
2020-11-25,2,330,52.71904328816614,21,1107.099909051489,1.114944323654441
2020-11-26,3,331,52.91752526600304,34,1799.1958590441034,1.2494175930736464
2020-11-27,4,332,52.93391754261476,35,1852.6871139915165,1.284895086776697
2020-11-28,5,333,53.040992647839516,25,1326.024816195988,1.196932422553759
2020-11-29,6,334,53.0593300082356,21,1114.2459301729475,1.0540179497458335
2020-11-30,0,335,52.91949050480952,27,1428.826243629857,0.9659989788065156
2020-12-01,1,336,52.87640822797071,33,1744.9214715230332,1.0013638757616956
2020-12-02,2,337,52.890209672025605,24,1269.3650321286145,1.1356682917664047
2020-12-03,3,338,52.842657852164976,30,1585.2797355649493,1.2699416290036079
2020-12-04,4,339,52.81978377133301,32,1690.2330806826562,1.3052132988656022
2020-12-05,5,340,52.81022214531489,28,1478.686220068817,1.2170389801326071
2020-12-06,6,341,52.80176116398662,20,1056.0352232797325,1.0739070848633865
2020-12-07,0,342,52.807228106672405,22,1161.7590183467928,0.985664987938554
2020-12-08,1,343,52.696274517025145,30,1580.8882355107544,1.0208011215010189
2020-12-09,2,344,52.62126496059234,23,1210.2890940936238,1.1548712044933451
2020-12-10,3,345,52.48688012687847,24,1259.6851230450832,1.288904708536423
2020-12-11,4,346,52.58917281686079,38,1998.3885670407099,1.3239311160903025
2020-12-12,5,347,52.36889375717206,32,1675.804600229506,1.2355061786117216
2020-12-13,6,348,52.48957486046745,28,1469.7080960930887,1.0921183824231993
2020-12-14,0,349,52.63460569900023,23,1210.5959310770054,1.0036151782342908
2020-12-15,1,350,52.602993535425206,28,1472.8838189919059,1.0384850755596335
2020-12-16,2,351,52.330670299011075,39,2040.896141661432,1.1722838722333269
2020-12-17,3,352,52.2928723428275,34,1777.957659656135,1.3060411202642812
2020-12-18,4,353,52.28615781418802,38,1986.873996939145,1.3407863839731389
2020-12-19,5,354,52.18043561490305,25,1304.5108903725761,1.2520754981256175
2020-12-20,6,355,52.12653682443287,32,1668.0491783818518,1.1083970337769318
2020-12-21,0,356,52.286615873226886,25,1307.165396830672,1.0195985277678814
2020-12-22,1,357,52.356176219343276,24,1256.5482292642387,1.0541685771174032
2020-12-23,2,358,52.25945434746139,28,1463.264721728919,1.1876630685110188
2020-12-24,3,359,52.092323934548766,36,1875.3236616437555,1.3211116441298596
2020-12-25,4,360,52.058113514086706,41,2134.382654077555,1.3555439597608663
2020-12-26,5,361,52.03578305701663,39,2029.3955392236485,1.2665159429030393
2020-12-27,6,362,52.08769218206452,25,1302.192304551613,1.1225162585843493
2020-12-28,0,363,52.031690836474745,24,1248.7605800753938,1.0333925388299823
2020-12-29,1,364,52.08520058839613,17,885.4484100027341,1.0676334770267542
2020-12-30,2,365,52.287643791872945,32,1673.2046013399342,1.200795057382918
2020-12-31,3,366,52.372956193885706,29,1518.8157296226855,1.3339070207283372
2021-01-01,4,1,52.36792548766133,41,2147.0849449941147,1.3679991225954125
2021-01-02,5,2,52.348765479046634,38,1989.253088203772,1.2786273912958381
2021-01-03,6,3,52.311452660334155,33,1726.2779377910272,1.1342805937075955
2021-01-04,0,4,52.434963617872796,21,1101.1342359753287,1.0448064647130235
2021-01-05,1,5,52.36933817361694,34,1780.557497902976,1.078693801532749
2021-01-06,2,6,52.37406907869754,23,1204.6035888100434,1.2114986931547587
2021-01-07,3,7,52.37942506951457,47,2461.832978267185,1.3442509861034542
2021-01-08,4,8,52.326931677596455,32,1674.4618136830866,1.377980542489383
2021-01-09,5,9,52.18335327689892,36,1878.600717968361,1.2882434980542605
2021-01-10,6,10,52.21714076450981,34,1775.3827859933335,1.1435287279262374
2021-01-11,0,11,52.21075892656226,26,1357.4797320906187,1.0536840760258581
2021-01-12,1,12,52.26309082420195,25,1306.5772706050489,1.0871984493676845
2021-01-13,2,13,52.20726903783481,29,1514.0108020972095,1.2196280474568433
2021-01-14,3,14,52.334983405522436,34,1779.3894357877627,1.352002828025288
2021-01-15,4,15,52.243261046827165,32,1671.7843534984693,1.3853527650486388
2021-01-16,5,16,52.42236354327089,35,1834.7827240144811,1.2952341067580335
2021-01-17,6,17,52.23953720167812,33,1723.9047276553779,1.150135841362021
2021-01-18,0,18,52.285020012256844,29,1516.2655803554485,1.059905926419099
2021-01-19,1,19,52.33475647168561,29,1517.7079376788827,1.0930333831055652
2021-01-20,2,20,52.25153047621004,32,1672.0489752387214,1.2250745255782944
2021-01-21,3,21,52.29592780403933,24,1255.1022672969439,1.3570594266770415
2021-01-22,4,22,52.42978270812055,48,2516.6295699897864,1.3900181759071213
2021-01-23,5,23,52.19787356906688,32,1670.33195421014,1.2995071374170548
2021-01-24,6,24,52.250467454232016,30,1567.5140236269606,1.1540154156861109
2021-01-25,0,25,51.98963771067982,23,1195.761667345636,1.06339108486239
2021-01-26,1,26,51.88861615256967,22,1141.5495553565327,1.0961232829961354
2021-01-27,2,27,52.05904891971877,30,1561.7714675915631,1.2277684413678465
2021-01-28,3,28,51.998186675097934,30,1559.945600252938,1.3593567501559378
2021-01-29,4,29,51.87538300387969,38,1971.2645541474283,1.3919184163845602
2021-01-30,5,30,51.85467604871485,32,1659.3496335588752,1.3010099218665045
2021-01-31,6,31,52.07100693241795,31,1614.2012149049565,1.155120488855848
2021-02-01,0,32,51.87938827354133,28,1452.6228716591572,1.0640983093511245
2021-02-02,1,33,51.76940708240444,39,2019.0068762137732,1.0964326392937194
2021-02-03,2,34,51.92605862572093,21,1090.4472311401394,1.2276800278610671
2021-02-04,3,35,52.1203993374921,30,1563.611980124763,1.358870783099364
2021-02-05,4,36,52.10957903691065,34,1771.7256872549622,1.3910352298364557
2021-02-06,5,37,51.979957418588064,31,1611.37867997623,1.2997299675898397
2021-02-07,6,38,52.199210906273784,29,1513.7771162819397,1.1534443361844404
2021-02-08,0,39,52.36601107766216,29,1518.6143212522027,1.062026645020899
2021-02-09,1,40,52.43703808654526,37,1940.1704092021746,1.0939662672392747
2021-02-10,2,41,52.35204984755945,25,1308.8012461889862,1.2248198689774168
2021-02-11,3,42,52.346920717465345,38,1989.1829872636831,1.3556178749690373
2021-02-12,4,43,52.330144890918994,37,1936.2153609640027,1.3873907264220686
2021-02-13,5,44,52.36475639811393,32,1675.6722047396458,1.2956951388921452
2021-02-14,6,45,52.51655071179846,29,1522.9799706421554,1.1490205678659997
2021-02-15,0,46,52.60854959111993,23,1209.9966405957584,1.0572154379954795
2021-02-16,1,47,52.49584152764851,19,997.4209890253217,1.088769237227079
2021-02-17,2,48,52.63984161505641,35,1842.3944565269744,1.2192387460263356
2021-02-18,3,49,52.67259945873373,33,1738.195782138213,1.3496545029419842
2021-02-19,4,50,52.74447580440629,33,1740.5677015454075,1.3810470624506244
2021-02-20,5,51,52.89789575105445,29,1534.038976780579,1.2889732527965723
2021-02-21,6,52,52.78160946997572,28,1477.8850651593202,1.141922641541961
2021-02-22,0,53,52.777861631421466,14,738.8900628399006,1.0497437647674697
2021-02-23,1,54,52.72226431996602,33,1739.8347225588786,1.0809262211688642
2021-02-24,2,55,52.558245085268595,25,1313.9561271317148,1.2110269012485726
2021-02-25,3,56,52.594515623474194,31,1630.4299843277,1.3410764528472385
2021-02-26,4,57,52.857258301054586,38,2008.5758154400742,1.372105538956001
2021-02-27,5,58,52.66476135996738,20,1053.2952271993477,1.2796710955242108
2021-02-28,6,59,52.661384372825395,27,1421.8573780662857,1.1322627969775316
2021-03-01,0,60,52.72839380001133,22,1160.0246636002494,1.0397292853871372
2021-03-02,1,61,52.74126943931737,34,1793.2031609367907,1.07056026453473
2021-03-03,2,62,52.72943471976519,34,1792.8007804720164,1.200312729073043
2021-03-04,3,63,52.59351917134855,34,1788.1796518258507,1.3300174300264977
2021-03-05,4,64,52.617871803228056,26,1368.0646668839295,1.3607051325729196
2021-03-06,5,65,52.53870408809454,27,1418.5450103785527,1.2679328738209712
2021-03-07,6,66,52.30960875193956,32,1673.9074800620658,1.1201904282982962
2021-03-08,0,67,52.43457920440119,27,1415.733638518832,1.027326537091028
2021-03-09,1,68,52.53483928267875,16,840.55742852286,1.0578310018794777
2021-03-10,2,69,52.540243717381095,28,1471.1268240866707,1.1872609140696146
2021-03-11,3,70,52.564208018287275,42,2207.6967367680654,1.3166471202651109
2021-03-12,4,71,52.67659616700551,35,1843.680865845193,1.3470204800206391
2021-03-13,5,72,52.70006511978388,17,895.9011070363259,1.2539381235914242
2021-03-14,6,73,52.79463754450903,23,1214.2766635237076,1.105889917393742
2021-03-15,0,74,52.76351689546738,36,1899.4866082368258,1.0127246931172114
2021-03-16,1,75,52.9007680834597,31,1639.9238105872507,1.042932341733636
2021-03-17,2,76,52.934326595414355,29,1535.0954712670164,1.1720700426020272
2021-03-18,3,77,52.95462704503812,34,1800.4573195312962,1.3011687289145828
2021-03-19,4,78,52.821761531447216,33,1743.1181305377581,1.331259345424302
2021-03-20,5,79,52.85178098271501,31,1638.4052104641655,1.2378991061693485
2021-03-21,6,80,52.76474728143889,28,1477.412923880289,1.0895779599086888
2021-03-22,0,81,52.697974302540366,26,1370.1473318660496,0.9961448192099471
2021-03-23,1,82,52.612675018444044,20,1052.2535003688809,1.0260896544343614
2021-03-24,2,83,52.50113246896005,41,2152.546431227362,1.1549697228182285
2021-03-25,3,84,52.72341220513511,30,1581.7023661540534,1.2838160338957865
2021-03-26,4,85,52.86268822091645,34,1797.3313995111594,1.3136596072042908
2021-03-27,5,86,53.06358455316645,28,1485.7803674886607,1.2200577299861257
2021-03-28,6,87,52.935653246330034,41,2170.3617830995313,1.071500422602799
2021-03-29,0,88,52.94310734925573,22,1164.7483616836262,0.9778366676015725
2021-03-30,1,89,52.807789011827744,20,1056.1557802365548,1.0075565036796807
2021-03-31,2,90,52.73500994790485,23,1212.9052288018115,1.1362172547455354
2021-04-01,3,91,52.63896148671074,31,1631.807806088033,1.2648499953218018
2021-04-02,4,92,52.76863868658618,39,2057.976908776861,1.2944858082313093
2021-04-03,5,93,52.72718772005485,30,1581.8156316016455,1.2006820422803266
2021-04-04,6,94,52.838954602878665,32,1690.8465472921173,1.0519287776543338
2021-04-05,0,95,52.90215379304327,19,1005.1409220678221,0.958075054966978
2021-04-06,1,96,53.14314546552786,29,1541.151218500308,0.9876109692070083
2021-04-07,2,97,52.988375653049076,25,1324.709391326227,1.1160938987828322
2021-04-08,3,98,53.12010842765497,31,1646.723361257304,1.2445549709094812
2021-04-09,4,99,53.24004159968992,41,2182.8417055872865,1.2740253192788447
2021-04-10,5,100,53.13821304956551,19,1009.6260479417447,1.1800623417279037
2021-04-11,6,101,53.24357277532541,27,1437.5764649337862,1.0311561656199681
2021-04-12,0,102,53.278738070562326,22,1172.1322375523712,0.9371558768796611
2021-04-13,1,103,53.25494098680229,37,1970.4328165116847,0.9665516139264165
2021-04-14,2,104,53.16874622608151,26,1382.3874018781194,1.094900796706161
2021-04-15,3,105,53.09351768200276,31,1645.8990481420856,1.223234592066011
2021-04-16,4,106,53.307955663995926,23,1226.0829802719063,1.2525841714126815
2021-04-17,5,107,53.30802709606505,25,1332.700677401626,1.1585069683696345
2021-04-18,6,108,53.38984843936257,25,1334.7462109840642,1.009493144147662
2021-04-19,0,109,53.30710970066886,26,1385.9848522173904,0.9153918165698457
2021-04-20,1,110,53.22552656805735,21,1117.7360579292042,0.9446931539955995
2021-04-21,2,111,53.33871676706135,22,1173.4517688753497,1.0729546043434994
2021-04-22,3,112,53.19753289955171,23,1223.5432566896893,1.2012073604576776
2021-04-23,4,113,53.15409594127225,23,1222.544206649262,1.2304826177585282
2021-04-24,5,114,53.15765566724801,31,1647.8873256846882,1.1363378318927302
2021-04-25,6,115,53.16930674299149,22,1169.7247483458127,0.9872631840973382
2021-04-26,0,116,53.15057117073765,22,1169.3125657562282,0.8931078102187409
2021-04-27,1,117,53.1919792565157,14,744.6877095912198,0.9223618946314774
2021-04-28,2,118,53.26446131006361,34,1810.9916845421626,1.0505828992561905
2021-04-29,3,119,53.34131430213473,26,1386.874171855503,1.1788020289219516
2021-04-30,4,120,53.23818593256051,33,1756.860135774497,1.2080504890133983
2021-05-01,5,121,53.208459478170774,30,1596.2537843451232,1.1138857431178053
2021-05-02,6,122,53.33344778201968,23,1226.6692989864528,0.9647979783868178
2021-05-03,0,123,53.42703994000021,16,854.8326390400034,0.8706363345536576
2021-05-04,1,124,53.2834203316756,21,1118.9518269651876,0.8998909978507657
2021-05-05,2,125,53.32018986811146,23,1226.3643669665637,1.0281194300272771
2021-05-06,3,126,53.11324083542893,32,1699.6237067337258,1.156352833711303
2021-05-07,4,127,53.118150858988436,21,1115.4811680387572,1.185622410057786
2021-05-08,5,128,53.31668287575272,35,1866.0839006513452,1.0914856163967877
2021-05-09,6,129,53.217520517478484,23,1224.0029719020051,0.9424326315971187
2021-05-10,0,130,53.130239078085374,19,1009.4745424836221,0.8483125850859539
2021-05-11,1,131,53.210166894337405,22,1170.6236716754229,0.8776156507695473
2021-05-12,2,132,53.04876905488778,18,954.87784298798,1.0058992760543586
2021-05-13,3,133,52.98257434758582,38,2013.3378252082612,1.1341946472135818
2021-05-14,4,134,53.04497013214757,35,1856.5739546251648,1.1635329470398792
2021-05-15,5,135,52.97861528066389,22,1165.5295361746055,1.069471612499065
2021-05-16,6,136,52.95392963851527,15,794.308944577729,0.9205008000997495
2021-05-17,0,137,53.03178149736427,16,848.5085039578283,0.8264696149196811
2021-05-18,1,138,53.075880901234775,21,1114.5934989259304,0.8558682045335756
2021-05-19,2,139,53.103793702890044,17,902.7644929491307,0.9842539880420934
2021-05-20,3,140,53.068316940232094,27,1432.8445573862666,1.1126581214467433
2021-05-21,4,141,53.107030322271136,33,1752.5320006349475,1.142111755311583
2021-05-22,5,142,53.09408621569583,31,1645.9166726865708,1.0481722924264585
2021-05-23,6,143,53.14197885489894,23,1222.2655136626756,0.899329853186787
2021-05-24,0,144,53.08999306514136,18,955.6198751725444,0.8054335046305809
2021-05-25,1,145,53.07089388891882,23,1220.6305594451328,0.8349733543775454
2021-05-26,2,146,52.96733095662386,26,1377.1506048722204,0.9635067796699076
2021-05-27,3,147,52.96366868862399,35,1853.7284041018397,1.092064892759754
2021-05-28,4,148,52.87882706389711,19,1004.6977142140452,1.1216787985836143
2021-05-29,5,149,52.76228278497979,29,1530.1062007644139,1.027905852439309
2021-05-30,6,150,52.7893422284674,22,1161.3655290262827,0.8792361253797437
2021-05-31,0,151,52.811597677305066,16,844.9855628368811,0.7855186332645843
2021-06-01,1,152,52.89349682514547,13,687.6154587268911,0.8152434307145142
2021-06-02,2,153,52.848395277879064,20,1056.9679055575812,0.9439678401677675
2021-06-03,3,154,52.89108310726701,22,1163.6038283598741,1.0727229172837087
2021-06-04,4,155,52.9487039595041,23,1217.8201910685943,1.1025397086341566
2021-06-05,5,156,52.995233296505724,18,953.914199337103,1.0089755093975785
2021-06-06,6,157,52.90885878933538,22,1163.9948933653784,0.8605203287706844
2021-06-07,0,158,52.92448422338739,17,899.7162317975856,0.767023119038374
2021-06-08,1,159,52.96257820790864,26,1377.0270334056247,0.7969738695469293
2021-06-09,2,160,52.963329172331534,20,1059.2665834466306,0.925929835779804
2021-06-10,3,161,52.745055478145254,20,1054.901109562905,1.0549220047810839
2021-06-11,4,162,52.761844856628514,24,1266.2842765590844,1.0849813528671675
2021-06-12,5,163,52.993305433996056,20,1059.8661086799211,0.9916651033417141
2021-06-13,6,164,52.9556404722226,15,794.3346070833389,0.8434631919285812
2021-06-14,0,165,52.87947379142268,20,1057.5894758284537,0.7502244958635348
2021-06-15,1,166,52.91853108447367,20,1058.3706216894734,0.780438927889674
2021-06-16,2,167,52.95121005695549,24,1270.8290413669317,0.9096636653559574
2021-06-17,3,168,53.075986236416036,32,1698.4315595653131,1.038929615663709
2021-06-18,4,169,52.94439626798864,29,1535.3874917716705,1.0692676740020481
2021-06-19,5,170,53.02090850330731,22,1166.459987072761,0.9762349810867579
2021-06-20,6,171,53.08267461133218,21,1114.7361668379758,0.8283213886177613
2021-06-21,0,172,53.06780416706487,22,1167.491691675427,0.7353756883956986
2021-06-22,1,173,53.10323542690138,21,1115.167943964929,0.7658877063426741
2021-06-23,2,174,53.21093055922865,22,1170.6404723030303,0.8954145316265031
2021-06-24,3,175,53.30218650904935,27,1439.1590357443324,1.0249869821333897
2021-06-25,4,176,53.182611278146865,31,1648.6609496225528,1.055635862229823
2021-06-26,5,177,53.268410882337214,24,1278.4418611760932,0.9629182205283975
2021-06-27,6,178,53.26164358208094,18,958.7095844774569,0.8153238153725341
2021-06-28,0,179,53.269267195264874,17,905.5775423195029,0.7227013439808075
2021-06-29,1,180,53.276924587408594,26,1385.2000392726234,0.7535405364956494
2021-06-30,2,181,53.26120714511583,14,745.6569000316217,0.8833983851359768
2021-07-01,3,182,53.38587581661559,27,1441.4186470486209,1.0133056096986277
2021-07-02,4,183,53.37711778928052,31,1654.6906514676962,1.0442929153493155
2021-07-03,5,184,53.25999816987136,15,798.8999725480704,0.9519172504178423
2021-07-04,6,185,53.21882964113563,16,851.50127425817,0.8046682719125353
2021-07-05,0,186,53.23752351778142,21,1117.9879938734098,0.7123945746946014
2021-07-06,1,187,53.366115957216586,23,1227.4206670159815,0.7435857855571363
2021-07-07,2,188,53.429207792539984,22,1175.4425714358797,0.8737987924084306
2021-07-08,3,189,53.340230334965476,22,1173.4850673692404,1.0040642098043073
2021-07-09,4,190,53.600214707044245,24,1286.4051529690619,1.0354126367701832
2021-07-10,5,191,53.62791377442923,31,1662.465327007306,0.9434009146278284
2021-07-11,6,192,53.76133684119303,14,752.6587157767024,0.7965185925414562
2021-07-12,0,193,53.7454654659375,25,1343.6366366484374,0.7046141567240876
2021-07-13,1,194,53.80126203399716,13,699.4164064419631,0.7361771245486841
2021-07-14,2,195,53.889081757778584,21,1131.6707169133504,0.8667642737639217
2021-07-15,3,196,54.01652134904667,26,1404.4295550752133,0.997406108059165
2021-07-16,4,197,54.12713632985148,21,1136.669862926881,1.0291331149193828
2021-07-17,5,198,54.21837989553277,19,1030.1492180151226,0.9375020234849496
2021-07-18,6,199,54.18541757526498,23,1246.2646042310944,0.7910022701310125
2021-07-19,0,200,54.125605230659495,13,703.6328679985735,0.6994822277071684
2021-07-20,1,201,54.160400460649754,12,649.924805527797,0.7314312996823571
2021-07-21,2,202,54.25801823799889,26,1410.7084741879712,0.8624061493942553
2021-07-22,3,203,54.234718649845995,25,1355.8679662461498,0.9934371656482041
2021-07-23,4,204,54.34614999873551,23,1249.9614499709169,1.025554720606158
2021-07-24,5,205,54.49811329534788,25,1362.452832383697,0.9343154276806506
2021-07-25,6,206,54.402253772834484,16,870.4360603653518,0.7882086071484988
2021-07-26,0,207,54.31470058335954,16,869.0352093337526,0.6970825154247963
2021-07-27,1,208,54.30001545957882,25,1357.5003864894707,0.729426439242405
2021-07-28,2,209,54.33219589208658,25,1358.3048973021646,0.8607969249358753
2021-07-29,3,210,54.27731910992511,28,1519.7649350779031,0.9922242440750657
2021-07-30,4,211,54.41877774132754,22,1197.2131103092058,1.0247386513888472
2021-07-31,5,212,54.46314085256156,21,1143.7259579037927,0.9338966426938137
2021-08-01,6,213,54.46726754565588,29,1579.5507588240205,0.7881874205428964
2021-08-02,0,214,54.31705204968132,10,543.1705204968132,0.697459123534236
2021-08-03,1,215,54.179399974679185,8,433.4351997974335,0.7302009205254938
2021-08-04,2,216,54.20879733099088,16,867.3407572958541,0.8619692399528509
2021-08-05,3,217,53.98569907558482,22,1187.6853796628661,0.9937942354993997
2021-08-06,4,218,54.09163460160756,28,1514.5657688450117,1.0267060440539304
2021-08-07,5,219,54.07508957716294,19,1027.4267019660958,0.9362610436745035
2021-08-08,6,220,54.41436082707205,22,1197.1159381955852,0.790948319271853
2021-08-09,0,221,54.655799983572685,16,874.492799737163,0.7006158919533316
2021-08-10,1,222,54.63681796452617,22,1202.0099952195758,0.7337528132718519
2021-08-11,2,223,54.6256936803633,19,1037.8881799269027,0.8659153945797323
2021-08-12,3,224,54.72984492974425,18,985.1372087353966,0.9981336727317616
2021-08-13,4,225,54.908019747917926,18,988.3443554625227,1.031437668078601
2021-08-14,5,226,54.736659823637616,24,1313.6798357673028,0.9413836424648941
2021-08-15,6,227,54.54978086499537,26,1418.2943024898796,0.7964605649471509
2021-08-16,0,228,54.48470763769477,16,871.7553222031163,0.7065163411718945
2021-08-17,1,229,54.54566984570607,23,1254.5504064512397,0.7400399076589818
2021-08-18,2,230,54.59764952241556,18,982.7576914034801,0.8725874611893887
2021-08-19,3,231,54.70956203989569,31,1695.9964232367663,1.0051889245423637
2021-08-20,4,232,54.58405750340001,17,927.9289775578002,1.0388742045225139
2021-08-21,5,233,54.34175762771776,29,1575.910971203815,0.9491994499916026
2021-08-22,6,234,54.431517480799094,17,925.3357971735846,0.8046535176199427
2021-08-23,0,235,54.344876984417,18,978.207785719506,0.715084201297808
2021-08-24,1,236,54.133715939359725,24,1299.2091825446334,0.748980326451887
2021-08-25,2,237,54.148891563021934,22,1191.2756143864826,0.8818979794659847
2021-08-26,3,238,54.231868434071394,31,1681.1879214562132,1.014866973450898
2021-08-27,4,239,54.219099612405365,36,1951.8875860465932,1.0489171063039346
2021-08-28,5,240,54.17120249822908,23,1245.9376574592688,0.9596044187731236
2021-08-29,6,241,54.15453106013114,18,974.7815590823606,0.8154176602404855
2021-08-30,0,242,54.11576310676895,17,919.9679728150722,0.7262045181653339
2021-08-31,1,243,53.97473920369489,19,1025.5200448702028,0.7604537124322553
2021-09-01,2,244,53.89997396913588,27,1455.2992971666688,0.8937212248030468
2021-09-02,3,245,53.95450687540302,19,1025.1356306326575,1.0270367647176322
2021-09-03,4,246,53.988158787890555,29,1565.6566048488262,1.0614300273842807
2021-09-04,5,247,54.00574010947597,27,1458.1549829558512,0.9724569518742492
2021-09-05,6,248,53.90163416109616,17,916.3277807386347,0.8286061869351857
2021-09-06,0,249,53.88264648320424,13,700.4744042816551,0.7397253204642505
2021-09-07,1,250,53.65489612687313,13,697.5136496493508,0.7743029738855993
2021-09-08,2,251,53.67356719224304,21,1127.1449110371038,0.9078950316315145
2021-09-09,3,252,53.82304497318152,34,1829.9835290881715,1.0415311069720645
2021-09-10,4,253,53.66883087705229,25,1341.7207719263072,1.0762408001340107
2021-09-11,5,254,53.60753494260126,28,1501.0109783928353,0.9875799564233861
2021-09-12,6,255,53.641963948865765,18,965.5553510795837,0.8440371320668512
2021-09-13,0,256,53.77302817998917,14,752.8223945198483,0.7554598237121252
2021-09-14,1,257,53.726137841895905,15,805.8920676284386,0.7903365628325103
2021-09-15,2,258,53.65371912412804,18,965.7669442343047,0.9242231452347608
2021-09-16,3,259,53.447743217249865,31,1656.8800397347459,1.0581490969149348
2021-09-17,4,260,53.458564240189276,21,1122.629849043975,1.0931439322031762
2021-09-18,5,261,53.67219292646021,21,1127.1160514556645,1.0047634119117677
2021-09-19,6,262,53.70120836109186,19,1020.3229588607453,0.8614960092014367
2021-09-20,0,263,53.69887767949092,20,1073.9775535898184,0.7731891391065767
2021-09-21,1,264,53.73257183170056,27,1450.779439455915,0.8083312529637938
2021-09-22,2,265,53.7314114585386,18,967.1654062536949,0.9424780679435463
2021-09-23,3,266,53.64635919366159,27,1448.4516982288628,1.0766590329294004
2021-09-24,4,267,53.732485372786186,25,1343.3121343196547,1.111903586685537
2021-09-25,5,268,53.7561030719535,27,1451.4147829427445,1.0237674160272603
2021-09-26,6,269,53.75794565557799,18,967.6430218004039,0.8807389217092652
2021-09-27,0,270,53.65590921866544,18,965.806365935978,0.792665447972185
2021-09-28,1,271,53.79227372300749,29,1559.9759379672173,0.8280353769922665
2021-09-29,2,272,53.86181059208324,20,1077.2362118416647,0.9624043584334216
2021-09-30,3,273,53.80396761769023,26,1398.903158059946,1.0968017753464996
2021-10-01,4,274,53.90877200457808,29,1563.3543881327644,1.132257002356308
2021-10-02,5,275,53.8567193863399,26,1400.2747040448373,1.0443256638511036
2021-10-03,6,276,53.77491127759158,15,806.6236691638736,0.9014960998893872
2021-10-04,0,277,53.69543608873827,25,1342.3859022184567,0.8136155957644777
2021-10-05,1,278,53.51015843949591,24,1284.2438025479019,0.8491724764715243
2021-10-06,2,279,53.55948813009975,23,1231.8682269922942,0.9837223362766258
2021-10-07,3,280,53.36792568725182,32,1707.7736219920582,1.118294504632486
2021-10-08,4,281,53.23941389989817,28,1490.7035891971486,1.1539183043812469
2021-10-09,5,282,53.02227940984856,26,1378.5792646560626,1.0661493099594714
2021-10-10,6,283,53.01327535954034,33,1749.4380868648311,0.9234758133195959
2021-10-11,0,284,52.99754981268692,18,953.9558966283646,0.835745053508775
2021-10-12,1,285,52.96337298407686,27,1430.0110705700754,0.8714453111497402
2021-10-13,2,286,52.854305300567795,27,1427.0662431153305,1.0061321380228956
2021-10-14,3,287,52.73167384521245,23,1212.8284984398863,1.1408348229946352
2021-10-15,4,288,52.780253193847415,18,950.0445574892535,1.1765826502322423
2021-10-16,5,289,52.72265803892531,28,1476.2344250899087,1.0889311574202145
2021-10-17,6,290,52.7557533846872,27,1424.4053413865545,0.946368601692758
2021-10-18,0,291,52.663144436674436,17,895.2734554234654,0.8587421892228445
2021-10-19,1,292,52.68208604076283,31,1633.1446672636478,0.8945401697128162
2021-10-20,2,293,52.818426495028184,31,1637.3712213458737,1.0293180659856902
2021-10-21,3,294,52.879747340781826,27,1427.7531782011092,1.1641051399220244
2021-10-22,4,295,52.83660329499038,23,1215.2418757847788,1.1999306506828415
2021-10-23,5,296,52.86350977499762,39,2061.676881224907,1.1123501129333389
2021-10-24,6,297,52.83833295295213,20,1056.7666590590425,0.9698517627822033
2021-10-25,0,298,52.839157326516485,30,1585.1747197954946,0.8822827873769052
2021-10-26,1,299,52.80509402038177,20,1056.1018804076355,0.9181314193999464
2021-10-27,2,300,52.78790234218213,13,686.2427304483676,1.052953166665204
2021-10-28,3,301,52.81009016648119,35,1848.3531558268417,1.1877772780592417
2021-10-29,4,302,52.70617145345787,28,1475.7728006968205,1.2236330017680834
2021-10-30,5,303,52.59989683147805,29,1525.3970081128634,1.136075843504175
2021-10-31,6,304,52.45463655919878,21,1101.5473677431744,0.9935940324483548
2021-11-01,0,305,52.28722662587015,19,993.4573058915328,0.9060347508472039
2021-11-02,1,306,52.15988244414169,20,1043.1976488828336,0.9418862285107296
2021-11-03,2,307,52.17656437232083,27,1408.7672380526624,1.0767039724096221
2021-11-04,3,308,52.083166761113276,26,1354.1623357889453,1.2115172326166952
2021-11-05,4,309,52.136897758924555,29,1511.9700350088121,1.247355260533424
2021-11-06,5,310,52.14052928507528,30,1564.2158785522583,1.1597735671158969
2021-11-07,6,311,51.93459720381646,28,1454.1687217068609,1.0172603888152467
2021-11-08,0,312,52.00311648069264,22,1144.068562575238,0.9296629171728457
2021-11-09,1,313,52.087936950686405,27,1406.374297668533,0.9654693933152357
2021-11-10,2,314,51.983965515056745,29,1507.5349999366456,1.100235337548052
2021-11-11,3,315,52.02792321571342,30,1560.8376964714028,1.2349900152934212
2021-11-12,4,316,51.93832195226673,28,1454.2730146634685,1.2707626953120836
2021-11-13,5,317,51.94853959052415,31,1610.4047273062486,1.183108907924147
2021-11-14,6,318,51.816256008444384,31,1606.303936261776,1.0405169109436996
2021-11-15,0,319,51.628672897791986,27,1393.9741682403837,0.9528339192678408
2021-11-16,1,320,51.58862505839165,35,1805.6018770437076,0.9885481993645195
2021-11-17,2,321,51.57568134242478,33,1701.9974843000177,1.1232152988590203
2021-11-18,3,322,51.53407868472084,27,1391.4201244874625,1.2578645124633392
2021-11-19,4,323,51.41021312453341,42,2159.2289512304033,1.2935251401895052
2021-11-20,5,324,51.36837829095981,42,2157.471888220312,1.2057527455611359
2021-11-21,6,325,51.39655015287022,28,1439.1034042803662,1.0630356215382037
2021-11-22,0,326,51.391853736645125,30,1541.7556120993538,0.9752210200956501
2021-11-23,1,327,51.410945805032185,37,1902.2049947861908,1.0107972467002413
2021-11-24,2,328,51.340842720176866,33,1694.2478097658366,1.1453198898854726
2021-11-25,3,329,51.46342021184721,26,1338.0489255080274,1.2798182871689217
2021-11-26,4,330,51.34037662298192,27,1386.1901688205119,1.3153217832526898
2021-11-27,5,331,51.39138200363228,30,1541.7414601089683,1.2273859882219078
2021-11-28,6,332,51.5150237469077,30,1545.450712407231,1.0844992434556118
2021-11-29,0,333,51.56533321729539,26,1340.6986636496802,0.9965088511910307
2021-11-30,1,334,51.544146452593495,28,1443.2361006726178,1.0319031689855467
2021-12-01,2,335,51.488879458700616,31,1596.155263219719,1.1662378392761639
2021-12-02,3,336,51.597268196143986,31,1599.5153140804637,1.3005422552808867
2021-12-03,4,337,51.448405833575585,34,1749.24579834157,1.335845819182654
2021-12-04,5,338,51.34691775615322,35,1797.1421214653626,1.2477042003108154
2021-12-05,6,339,51.30532785377484,31,1590.4651634670201,1.1046058010344686
2021-12-06,0,340,51.4348031235875,23,1183.0004718425125,1.0163979863085852
2021-12-07,1,341,51.47453193856832,30,1544.2359581570495,1.0515691781175938
2021-12-08,2,342,51.373261300465074,29,1489.824577713487,1.185675085015499
2021-12-09,3,343,51.34079893073057,41,2104.9727561599534,1.319745168007831
2021-12-10,4,344,51.27653244719165,31,1589.5725058629412,1.3548088987154618
2021-12-11,5,345,51.202278948810786,29,1484.8660895155128,1.2664220175355032
2021-12-12,6,346,51.30468399460139,37,1898.2733078002514,1.1230729995135742
2021-12-13,0,347,51.16118116863164,26,1330.1907103844228,1.034609283868396
2021-12-14,1,348,51.32948133667248,28,1437.2254774268295,1.0695193684133277
2021-12-15,2,349,51.41612532894628,37,1902.3966371710123,1.2033590390741125
2021-12-16,3,350,51.530244167330956,38,1958.1492783585763,1.3371578357478235
2021-12-17,4,351,51.48181445274995,45,2316.6816503737477,1.3719453104433235
2021-12-18,5,352,51.46612863194519,34,1749.8483734861363,1.2832772854183394
2021-12-19,6,353,51.316201629549056,28,1436.8536456273737,1.139642319027479
2021-12-20,0,354,51.261314867962284,18,922.703667623321,1.0508879352221348
2021-12-21,1,355,51.31295782077117,26,1334.1369033400504,1.0855027179469174
2021-12-22,2,356,51.44854349131904,28,1440.5592177569333,1.2190425406318746
2021-12-23,3,357,51.33271996094122,38,1950.6433585157663,1.3525370320254952
2021-12-24,4,358,51.294483111966244,36,1846.6013920307848,1.3870158343088987
2021-12-25,5,359,51.27865517362472,42,2153.7035172922383,1.298034861206072
2021-12-26,6,360,51.13263680422329,33,1687.3770145393685,1.1540827638049005
2021-12-27,0,361,51.19449990782998,39,1996.5854964053692,1.065007160029541
2021-12-28,1,362,51.118760757865644,34,1738.0378657674319,1.0992967290090152
2021-12-29,2,363,51.09832029276473,43,2197.2277725888835,1.2325074405412244
2021-12-30,3,364,51.05104029501513,41,2093.09265209562,1.365669020897396
2021-12-31,4,365,50.96846484499022,36,1834.864734419648,1.3998112109073693
2022-01-01,5,1,50.96772784452431,40,2038.7091137809725,1.3104900240406052
2022-01-02,6,2,50.94517217563077,27,1375.5196487420308,1.166194212197691
2022-01-03,0,3,50.90627082753744,29,1476.2818539985858,1.0767714951527934
2022-01-04,1,4,50.83006392036105,27,1372.4117258497483,1.1107106548920673
2022-01-05,2,5,50.86349050894475,37,1881.9491488309557,1.2435677650472368
2022-01-06,3,6,51.03648117027099,39,1990.4227656405685,1.37637265666924
2022-01-07,4,7,51.05111526086802,41,2093.095725695589,1.4101551762824953
2022-01-08,5,8,51.15532265640019,42,2148.5235515688078,1.3204714439345784
2022-01-09,6,9,51.009886699238336,27,1377.266940879435,1.1758103189561133
2022-01-10,0,10,51.02639067282111,29,1479.765329511812,1.0860196293714328
2022-01-11,1,11,50.911591151290736,28,1425.5245522361406,1.1195882662048986
2022-01-12,2,12,50.75708489109916,25,1268.927122277479,1.252072412882171
2022-01-13,3,13,50.67973667323817,32,1621.7515735436214,1.3845020109713169
2022-01-14,4,14,50.80442541350664,33,1676.5460386457191,1.4179070182043307
2022-01-15,5,15,50.90380987785842,41,2087.0562049921955,1.327843666493839
2022-01-16,6,16,50.9292314481181,27,1375.0892490991887,1.182800927659886
2022-01-17,0,17,50.76889030478195,31,1573.8355994482404,1.0926267428072227
2022-01-18,1,18,50.74835670227542,30,1522.4507010682628,1.125810116598137
2022-01-19,2,19,50.77991859090376,35,1777.2971506816316,1.2579073466200446
2022-01-20,3,20,50.798282047200516,37,1879.536435746419,1.3899484890927694
2022-01-21,4,21,50.60539637925739,45,2277.2428370665825,1.4229636168560869
2022-01-22,5,22,50.51225712856491,28,1414.3431995998176,1.3325090773523236
2022-01-23,6,23,50.5055537305008,30,1515.166611915024,1.1870739583189076
2022-01-24,0,24,50.561656990226204,30,1516.8497097067861,1.09650631713131
2022-01-25,1,25,50.33191241065041,42,2113.940321247317,1.1292952750414127
2022-01-26,2,26,50.314952056964295,30,1509.4485617089288,1.2609972465106265
2022-01-27,3,27,50.3299168869614,36,1811.8770079306105,1.3926424048823345
2022-01-28,4,28,50.41879775592942,38,1915.9143147253178,1.4252609403349763
2022-01-29,5,29,50.49128000075468,32,1615.7209600241497,1.3344093178297476
2022-01-30,6,30,50.55222481527172,25,1263.805620381793,1.1885767427683485
2022-01-31,0,31,50.46854025300164,31,1564.5247478430508,1.097611390301049
2022-02-01,1,32,50.268937504649976,43,2161.564312699949,1.1300024995301583
2022-02-02,2,33,50.227818886892585,27,1356.1511099460997,1.261306602808209
2022-02-03,3,34,50.3326030803996,46,2315.2997416983817,1.3925539913755567
2022-02-04,4,35,50.4783772113533,52,2624.8756149903716,1.4247749732784054
2022-02-05,5,36,50.55271022749514,33,1668.2394375073395,1.333526131281663
2022-02-06,6,37,50.59762506618604,34,1720.3192522503255,1.1872967884916839
2022-02-07,0,38,50.63734049193255,32,1620.3948957418415,1.0959352376296305
2022-02-08,1,39,50.57916297310089,23,1163.3207483813205,1.1279308351999318
2022-02-09,2,40,50.5655569128457,30,1516.966707385371,1.258840230753763
2022-02-10,3,41,50.74016408862552,40,2029.606563545021,1.3896938324918982
2022-02-11,4,42,50.641559813097516,31,1569.888354206023,1.421522065148076
2022-02-12,5,43,50.81048744600448,32,1625.9355982721434,1.3298816278672805
2022-02-13,6,44,50.77679895927137,19,964.759180226156,1.1832619597939975
2022-02-14,0,45,50.915457028139045,33,1680.2100819285886,1.0915114693111958
2022-02-15,1,46,50.768285210637075,26,1319.975415476564,1.1231196281745093
2022-02-16,2,47,50.829578689584416,37,1880.6944115146234,1.2536432007415468
2022-02-17,3,48,50.752502599795385,43,2182.3576117912016,1.3841127095408183
2022-02-18,4,49,50.60444657005428,32,1619.342290241737,1.415558693121032
2022-02-19,5,50,50.627308177295134,35,1771.9557862053298,1.3235379638958389
2022-02-20,6,51,50.73291253667548,29,1471.2544635635888,1.1765400736984164
2022-02-21,0,52,50.64452027020047,32,1620.6246486464152,1.084413542987159
2022-02-22,1,53,50.487702990120475,29,1464.1433867134938,1.1156479549465104
2022-02-23,2,54,50.47809478946583,30,1514.342843683975,1.2458001846833435
2022-02-24,3,55,50.46894787522113,42,2119.6958107592877,1.375900864763059
2022-02-25,4,56,50.5263095010315,39,1970.5260705402284,1.406980643026279
2022-02-26,5,57,50.62564989618952,28,1417.5181970933065,1.314596440401203
2022-02-27,6,58,50.61943426715795,26,1316.1052909461066,1.1672379164260636
2022-02-28,0,59,50.81354493087396,29,1473.5928029953448,1.0747536984227268
2022-03-01,1,60,50.83700290841725,41,2084.3171192451073,1.1056334755661725
2022-03-02,2,61,50.80076202516273,37,1879.6281949310212,1.235434228049208
2022-03-03,3,62,50.632170351300275,28,1417.7007698364077,1.365186692587531
2022-03-04,4,63,50.60469262414485,31,1568.7454713484904,1.3959216202055413
2022-03-05,5,64,50.56950201428793,33,1668.7935664715017,1.3031960340181257
2022-03-06,6,65,50.669962843373824,24,1216.079108240972,1.1554996947228324
2022-03-07,0,66,50.718344865927826,25,1267.9586216481957,1.0626813297434978
2022-03-08,1,67,50.59496695485594,36,1821.4188103748138,1.093230727270063
2022-03-09,2,68,50.61298708610963,38,1923.293509272166,1.2227049653939481
2022-03-10,3,69,50.683238300651254,33,1672.5468639214914,1.352134877584092
2022-03-11,4,70,50.84309098266198,36,1830.3512753758312,1.3825513104441518
2022-03-12,5,71,50.93593586350469,30,1528.0780759051406,1.2895113814658457
2022-03-13,6,72,51.01553068172838,30,1530.4659204518514,1.1415049444932854
2022-03-14,0,73,51.0218164868799,18,918.3926967638382,1.048380818838941
2022-03-15,1,74,51.06243915809835,24,1225.4985397943603,1.078628883296243
2022-03-16,2,75,51.19315421727321,26,1331.0220096491034,1.2078063052481058
2022-03-17,3,76,51.053727732206994,30,1531.6118319662098,1.3369440061165059
2022-03-18,4,77,51.017171667233285,49,2499.841411694431,1.3670729190936164
2022-03-19,5,78,50.93635055988649,31,1579.0268673564813,1.2737502468694961
2022-03-20,6,79,50.9760150880709,18,917.5682715852762,1.1254659270712013
2022-03-21,0,80,51.10471291422391,30,1533.1413874267173,1.0320688613538853
2022-03-22,1,81,51.042261355073954,39,1990.6481928478843,1.0620490093889894
2022-03-23,2,82,50.79220329074534,35,1777.727115176087,1.1909636179488488
2022-03-24,3,83,50.74907944301292,36,1826.966859948465,1.3198436863327108
2022-03-25,4,84,50.8446411113728,35,1779.562438898048,1.3497202240748232
2022-03-26,5,85,50.90088444786436,30,1527.0265334359308,1.2561505086494875
2022-03-27,6,86,50.94567850244453,29,1477.4246765708913,1.1076245508879787
2022-03-28,0,87,50.91638742803385,21,1069.244135988711,1.0139913240479936
2022-03-29,1,88,50.782583568379565,23,1167.9994220727299,1.0437408577806118
2022-03-30,2,89,50.83649030192302,35,1779.2771605673058,1.1724304671941668
2022-03-31,3,90,50.74921317631467,36,1826.9716743473282,1.3010912182600096
2022-04-01,4,91,50.97769914190479,35,1784.2194699666677,1.3307541855008458
2022-04-02,5,92,51.03738188781287,33,1684.2336022978247,1.2369767096765103
2022-04-03,6,93,50.976638246723326,32,1631.2524238951464,1.0882488631821792
2022-04-04,0,94,50.912679106790485,19,967.3409030290192,0.9944196790995343
2022-04-05,1,95,50.902955889650165,20,1018.0591177930033,1.0239792451460166
2022-04-06,2,96,50.87790075950072,31,1577.2149235445222,1.152484932721487
2022-04-07,3,97,50.9947366302319,36,1835.8105186883483,1.2809678622973073
2022-04-08,4,98,51.01423827495972,34,1734.4841013486307,1.3104591610885281
2022-04-09,5,99,50.937699730779876,36,1833.7571903080755,1.2165162207240483
2022-04-10,6,100,51.1354653144819,25,1278.3866328620475,1.0676291626297563
2022-04-11,0,101,51.14062363076288,28,1431.9374616613607,0.9736470670651661
2022-04-12,1,102,51.221054626818564,32,1639.073748058194,1.0030600670587062
2022-04-13,2,103,51.157425933671846,26,1330.093074275468,1.131425577440907
2022-04-14,3,104,51.195412724072675,27,1382.2761435499622,1.2597747602206497
2022-04-15,4,105,51.22795902371439,37,1895.4344838774325,1.289138782245051
2022-04-16,5,106,51.03027623039643,21,1071.6358008383252,1.1950750728578723
2022-04-17,6,107,51.24110117807659,29,1485.9919341642212,1.0460737892714786
2022-04-18,0,108,51.37611998991786,23,1181.650759768111,0.9519840455928616
2022-04-19,1,109,51.334568004627805,20,1026.6913600925561,0.9812960067488782
2022-04-20,2,110,51.219255728326274,28,1434.1391603931356,1.109567117510089
2022-04-21,3,111,51.25561535916051,28,1435.1572300564942,1.2378285678579901
2022-04-22,4,112,51.2646851074287,33,1691.734608545147,1.2671115506367208
2022-04-23,5,113,51.30189287478666,27,1385.1511076192398,1.1729735192037192
2022-04-24,6,114,51.32193445338785,18,923.7948201609812,1.023904652794574
2022-04-25,0,115,51.37489408630843,19,976.1229876398602,0.9297540855425269
2022-04-26,1,116,51.52630177589267,23,1185.1049408455315,0.9590120003977722
2022-04-27,2,117,51.585733030651134,28,1444.4005248582318,1.087235858145959
2022-04-28,3,118,51.4759249133915,23,1183.9462730080045,1.2154568627706723
2022-04-29,4,119,51.61846735866011,35,1806.6463575531038,1.2447062191009919
2022-04-30,5,120,51.79009776173281,26,1346.5425418050531,1.1505413904586115
2022-05-01,6,121,52.11984539404814,20,1042.3969078809628,1.0014525640196579
2022-05-02,0,122,52.002312770563016,19,988.0439426406973,0.9072888798320127
2022-05-03,1,123,52.027721503816885,20,1040.5544300763377,0.9365405247326861
2022-05-04,2,124,51.80990590738231,29,1502.487271314087,1.0647649613652517
2022-05-05,3,125,51.86777276702229,23,1192.9587736415126,1.1929933935417605
2022-05-06,4,126,51.81042362467475,29,1502.5022851155677,1.222257023890346
2022-05-07,5,127,52.011641987842495,30,1560.3492596352748,1.1281133115030015
2022-05-08,6,128,51.930606818163305,27,1402.1263840904091,0.9790524372986319
2022-05-09,0,129,51.75389549783133,23,1190.3395964501206,0.8849235330423155
2022-05-10,1,130,51.704594956698536,20,1034.0918991339706,0.9142167752649931
2022-05-11,2,131,51.497932301139585,29,1493.440036733048,1.0424896142840265
2022-05-12,3,132,51.57650743084627,25,1289.4126857711567,1.1707732395688457
2022-05-13,4,133,51.360471901541956,31,1592.1746289478006,1.2000988373926236
2022-05-14,5,134,51.363448948215584,38,1951.8110600321922,1.106023848485082
2022-05-15,6,135,51.1460818175759,23,1176.3598818042456,0.9570384334009004
2022-05-16,0,136,51.11257434877772,28,1431.152081765776,0.8629917015449441
2022-05-17,1,137,51.28449386086707,25,1282.1123465216767,0.8923738050987171
2022-05-18,2,138,51.322222492778536,32,1642.3111197689132,1.020742168048053
2022-05-19,3,139,51.23188941956985,37,1895.5799085240847,1.1491279515565818
2022-05-20,4,140,51.22862511392301,29,1485.6301283037672,1.1785623116257882
2022-05-21,5,141,51.23050992165294,31,1588.145807571241,1.0846026567567904
2022-05-22,6,142,51.27995342810885,31,1589.6785562713742,0.93573911332832
2022-05-23,0,143,51.136961614520175,20,1022.7392322904035,0.8418207546319879
2022-05-24,1,144,51.1989521407056,22,1126.3769470955233,0.871337694809614
2022-05-25,2,145,50.916036313839165,25,1272.9009078459792,0.9998473178920156
2022-05-26,3,146,50.850141897187385,29,1474.6541150184341,1.128380743184397
2022-05-27,4,147,50.799061870071434,33,1676.3690417123573,1.1579690829387963
2022-05-28,5,148,50.86531639496376,21,1068.171644294239,1.0641697000288242
2022-05-29,6,149,50.86768388727625,22,1119.0890455200774,0.9154726733411706
2022-05-30,0,150,50.720643041213954,28,1420.1780051539906,0.8217270268249418
2022-05-31,1,151,50.61759947999604,18,911.1167906399287,0.8514228234436146
2022-06-01,2,152,50.63838408771561,27,1367.2363703683213,0.9801173942289834
2022-06-02,3,153,50.6301125777241,23,1164.4925892876543,1.1088418036822467
2022-06-03,4,154,50.56952838776387,29,1466.516323245152,1.1386271074627436
2022-06-04,5,155,50.519226690496566,30,1515.576800714897,1.0450306100793514
2022-06-05,6,156,50.59205524914639,21,1062.4331602320742,0.8965423302994313
2022-06-06,0,157,50.5378976261881,26,1313.9853382808906,0.8030112302158757
2022-06-07,1,158,50.52868209436462,21,1061.102323981657,0.832927309217415
2022-06-08,2,159,50.75568671784096,27,1370.403541381706,0.9618478330614101
2022-06-09,3,160,50.60675031909508,27,1366.382258615567,1.090803799294287
2022-06-10,4,161,50.41302260173798,32,1613.2167232556153,1.120826194960122
2022-06-11,5,162,50.49499664549329,30,1514.8498993647986,1.0274722543123649
2022-06-12,6,163,50.42400143141647,16,806.7840229026635,0.879231924243567
2022-06-13,0,164,50.39070949534881,17,856.6420614209297,0.7859540933737746
2022-06-14,1,165,50.30899000618593,28,1408.651720173206,0.8161286860425729
2022-06-15,2,166,50.28181140868313,31,1558.7361536691772,0.9453128914041591
2022-06-16,3,167,50.44904004764073,28,1412.5731213339404,1.0745376288704325
2022-06-17,4,168,50.53295349918049,24,1212.7908839803317,1.10483380584275
2022-06-18,5,169,50.623153703529084,21,1063.0862277741107,1.0117585754472502
2022-06-19,6,170,50.47499725908589,28,1413.2999232544048,0.8638018019886191
2022-06-20,0,171,50.35457105770979,26,1309.2188475004546,0.7708122900629606
2022-06-21,1,172,50.057565151796986,32,1601.8420848575036,0.8012798785747357
2022-06-22,2,173,49.9728930053628,28,1399.2410041501585,0.9307616698571523
2022-06-23,3,174,50.07297705749457,31,1552.2622887823316,1.0602884951409792
2022-06-24,4,175,50.12705663281924,24,1203.0493591876618,1.0908911723124382
2022-06-25,5,176,50.10388335894218,28,1402.9087340503809,0.9981267636750278
2022-06-26,6,177,50.10155044859971,27,1352.7418621121922,0.8504850414302503
2022-06-27,0,178,50.0294837328857,21,1050.6191583905998,0.757814716817731
2022-06-28,1,179,50.05090427266477,30,1501.5271281799432,0.7886055341598556
2022-06-29,2,180,50.131025466720494,31,1554.0617894683353,0.9184145000101391
2022-06-30,3,181,49.96198192241998,27,1348.9735119053394,1.0482723486504564
2022-07-01,4,182,49.993329110594374,23,1149.8465695436705,1.079209799877669
2022-07-02,5,183,50.09087436973234,29,1452.635356722238,0.9867838167945076
2022-07-03,6,184,50.047449282880194,31,1551.470927769286,0.8394840713196867
2022-07-04,0,185,50.12075201416636,23,1152.7772963258262,0.7471591733577342
2022-07-05,1,186,50.415202817887156,22,1109.1344619935173,0.7782987648736324
2022-07-06,2,187,50.40428715492973,24,1209.7028917183136,0.9084597490716245
2022-07-07,3,188,50.44543237515759,29,1462.91753887957,1.0386727559229214
2022-07-08,4,189,50.36822165328631,24,1208.8373196788716,1.0699683999833518
2022-07-09,5,190,50.38718296862941,22,1108.518025309847,0.9779035382153775
2022-07-10,6,191,50.435333586255695,25,1260.8833396563923,0.8309677355296724
2022-07-11,0,192,50.45571672202714,21,1059.57005116257,0.739009493986661
2022-07-12,1,193,50.34904284345272,18,906.282771182149,0.7705183469031177
2022-07-13,2,194,50.370631067024306,19,957.0419902734618,0.901051088063165
2022-07-14,3,195,50.523596476401,25,1263.0899119100252,1.0316382372784045
2022-07-15,4,196,50.570529826140834,26,1314.8337754796617,1.0633102982382063
2022-07-16,5,197,50.671166656195616,34,1722.819666310651,0.9716240163645967
2022-07-17,6,198,50.646372008597325,18,911.6346961547519,0.8250688443868024
2022-07-18,0,199,50.72482168423774,17,862.3219686320416,0.7334931715762063
2022-07-19,1,200,50.75403686536867,26,1319.6049584995853,0.7653864178861955
2022-07-20,2,201,50.65455878230486,18,911.7820580814875,0.8963052631968367
2022-07-21,3,202,50.687880373894615,28,1419.2606504690493,1.0272801129087392
2022-07-22,4,203,50.584135532260255,36,1821.028879161369,1.0593413558272484
2022-07-23,5,204,50.517927722642696,34,1717.6095425698518,0.9680456220513745
2022-07-24,6,205,50.53773401622122,22,1111.8301483568669,0.8218822485824947
2022-07-25,0,206,50.568829774839145,22,1112.5142550464611,0.7306995085936858
2022-07-26,1,207,50.444420025059564,18,907.9995604510722,0.7629867056038342
2022-07-27,2,208,50.55468114718222,14,707.7655360605511,0.8943004027568834
2022-07-28,3,209,50.61452071601799,27,1366.5920593324859,1.0256708884503727
2022-07-29,4,210,50.54079662008926,28,1415.1423053624992,1.058128434254115
2022-07-30,5,211,50.37994451975686,21,1057.9788349148942,0.9672295528340513
2022-07-31,6,212,50.36478554709606,23,1158.3900675832094,0.8214634635956665
2022-08-01,0,213,50.318133822150386,17,855.4082749765565,0.7306783219880983
2022-08-02,1,214,50.32996983938441,13,654.2896079119973,0.7633633137132707
2022-08-03,2,215,50.291982940874846,16,804.6717270539975,0.8950748840399707
2022-08-04,3,216,50.08197588752519,33,1652.7052042883313,1.0268432034673305
2022-08-05,4,217,50.04134956185674,33,1651.3645355412725,1.05969842567844
2022-08-06,5,218,50.00937768230214,27,1350.2531974221577,0.9691969454991367
2022-08-07,6,219,50.07566716888465,27,1352.0430135598856,0.8238278645763563
2022-08-08,0,220,50.0026260693811,18,900.0472692488598,0.7334392207170526
2022-08-09,1,221,50.17823807309651,23,1154.0994756812197,0.7665200821323633
2022-08-10,2,222,49.978254697634526,32,1599.3041503243048,0.8986267767863275
2022-08-11,3,223,50.11542049583713,33,1653.8088763626251,1.0307893580942131
2022-08-12,4,224,50.091953707082794,37,1853.4022871620634,1.0640378629108054
2022-08-13,5,225,50.181877874159454,27,1354.9107026023053,0.9739285695238142
2022-08-14,6,226,50.1902261853226,14,702.6631665945164,0.8289504633667644
2022-08-15,0,227,50.30943905854977,29,1458.9737326979434,0.7389514663923479
2022-08-16,1,228,50.2689157744154,23,1156.1850628115542,0.7724205313509233
2022-08-17,2,229,50.15398526569417,17,852.6177495168008,0.9049138711734441
2022-08-18,3,230,50.302589166218155,33,1659.9854424851992,1.037461424703859
2022-08-19,4,231,50.29071756064598,26,1307.5586565767956,1.071093114721406
2022-08-20,5,232,50.31389556416891,23,1157.2195979758849,0.9813651059677081
2022-08-21,6,233,50.44306726203053,32,1614.178152384977,0.8367662708934552
2022-08-22,0,234,50.335110830279085,19,956.3671057753027,0.7471444190651331
2022-08-23,1,235,50.39740720693116,19,957.5507369316921,0.7809883914768456
2022-08-24,2,236,50.335696262096604,27,1359.0637990766083,0.913854289966367
2022-08-25,3,237,50.32186956551111,17,855.4717826136888,1.046771942980468
2022-08-26,4,238,50.329430919797886,30,1509.8829275939365,1.0807711636299313
2022-08-27,5,239,50.172487486215815,28,1404.8296496140429,0.9914080077491353
2022-08-28,6,240,50.09101063079707,19,951.7292019851444,0.8471712396749762
2022-08-29,0,241,50.23235107130397,17,853.9499682121674,0.7579085616856733
2022-08-30,1,242,50.32505861778148,22,1107.1512895911926,0.7921087083443725
2022-08-31,2,243,50.31850567344938,33,1660.5106872238296,0.925327675946734
2022-09-01,3,244,50.34393966514349,20,1006.8787933028698,1.0585951883175317
2022-09-02,4,245,50.31315793190315,40,2012.526317276126,1.0929409548966689
2022-09-03,5,246,50.455074844316954,28,1412.7420956408746,1.003920928829484
2022-09-04,6,247,50.43411526340823,15,756.5117289511235,0.8600237727761016
2022-09-05,0,248,50.45836907207717,29,1463.2927030902379,0.7710970883803754
2022-09-06,1,249,50.57825927660781,24,1213.8782226385874,0.805629510643286
2022-09-07,2,250,50.49693573831272,27,1363.4172649344434,0.9391769374000766
2022-09-08,3,251,50.660006103524964,33,1671.7802014163237,1.0727689951459818
2022-09-09,4,252,50.499899205483686,29,1464.4970769590268,1.1074352971511041
2022-09-10,5,253,50.67038174419311,22,1114.7483983722484,1.018731701579216
2022-09-11,6,254,50.63139485348001,21,1063.2592919230801,0.8751467773252559
2022-09-12,0,255,50.606005292250025,16,809.6960846760004,0.7865280335120558
2022-09-13,1,256,50.408284746114,16,806.532555937824,0.8213640138911699
2022-09-14,2,257,50.36070708686605,22,1107.9355559110531,0.9552105263470052
2022-09-15,3,258,50.25192930443657,26,1306.5501619153508,1.089097108749241
2022-09-16,4,259,50.18836130406459,39,1957.3460908585191,1.1240532870939774
2022-09-17,5,260,50.17399672573576,30,1505.219901772073,1.035634833648367
2022-09-18,6,261,50.274194642120285,23,1156.3064767687665,0.8923302328136029
2022-09-19,0,262,50.29591275170745,24,1207.1019060409787,0.8039869106466345
2022-09-20,1,263,50.32809987793106,20,1006.5619975586212,0.8390933292856183
2022-09-21,2,264,50.21349377942018,19,954.0563818089835,0.9732052164782755
2022-09-22,3,265,50.12135502680236,31,1553.7620058308732,1.1073520314580279
2022-09-23,4,266,50.309525915192005,27,1358.3571997101842,1.1425632231084462
2022-09-24,5,267,50.23261397454241,26,1306.0479633381026,1.0543944881307348
2022-09-25,6,268,50.405875687682716,22,1108.9292651290198,0.9113342369291132
2022-09-26,0,269,50.38044820918554,30,1511.4134462755662,0.8232298231544604
2022-09-27,1,270,50.38068755815345,23,1158.7558138375293,0.8585696381512117
2022-09-28,2,271,50.492662185207,34,1716.750514297038,0.9929093405067468
2022-09-29,3,272,50.62571928094453,42,2126.28020979967,1.1272783219479048
2022-09-30,4,273,50.61412679309913,29,1467.809676999875,1.1627059655255487
2022-10-01,5,274,50.57351133517927,30,1517.205340055378,1.0747479038015038
2022-10-02,6,275,50.56766130231142,24,1213.6238712554741,0.9318924847529562
2022-10-03,0,276,50.60301621630695,26,1315.6784216239807,0.8439870013345969
2022-10-04,1,277,50.69625859903478,33,1672.9765337681476,0.8795197859435053
2022-10-05,2,278,50.69670109931502,23,1166.0241252842454,1.0140464399860032
2022-10-06,3,279,50.76144495027782,16,812.1831192044451,1.14859629979111
2022-10-07,4,280,50.93283946760422,24,1222.3881472225012,1.1841986948115257
2022-10-08,5,281,50.97272959408789,25,1274.3182398521972,1.0964092058264667
2022-10-09,6,282,51.005332684713345,21,1071.1119863789802,0.9537161308613071
2022-10-10,0,283,50.84643413355858,16,813.5429461369373,0.8659667147647817
2022-10-11,1,284,50.571224292193136,20,1011.4244858438627,0.9016492436878117
2022-10-12,2,285,50.61185362978093,36,1822.0267306721134,1.0363192746642371
2022-10-13,3,286,50.60193373671282,29,1467.4560783646718,1.1710061015373932
2022-10-14,4,287,50.54808052831352,31,1566.9904963777192,1.2067390131736857
2022-10-15,5,288,50.573557071089056,29,1466.6331550615826,1.1190735516774517
2022-10-16,6,289,50.56723802661641,37,1870.987806984807,0.9764979783220673
2022-10-17,0,290,50.68521904623029,25,1267.1304761557572,0.8888595031379584
2022-10-18,1,291,50.694227404047616,20,1013.8845480809523,0.9246463794018778
2022-10-19,2,292,50.61608915796963,22,1113.553961475332,1.0594141332272806
2022-10-20,3,293,50.719673896569184,34,1724.4689124833521,1.1941920295001704
2022-10-21,4,294,50.69695905864078,31,1571.6057308178642,1.2300093301010655
2022-10-22,5,295,50.75204189483058,32,1624.0653406345787,1.1424215521280494
2022-10-23,6,296,50.702098298230496,17,861.9356710699184,0.9999169338351919
2022-10-24,0,297,50.634117644658666,30,1519.02352933976,0.9123426642274015
2022-10-25,1,298,50.64292277634174,31,1569.930606066594,0.9481869775559356
2022-10-26,2,299,50.64426482541974,22,1114.1738261592343,1.0830053829144095
2022-10-27,3,300,50.6944612026298,29,1470.1393748762644,1.2178271301796857
2022-10-28,4,301,50.66635723479333,39,1975.98793215694,1.2536814682382866
2022-10-29,5,302,50.47424924252678,32,1615.175975760857,1.1661239032132935
2022-10-30,6,303,50.428975259391045,26,1311.1533567441672,1.023642664406045
2022-10-31,0,304,50.5120193737824,19,959.7283681018656,0.9360849338935509
2022-11-01,1,305,50.48090982649413,16,807.694557223906,0.971938941026231
2022-11-02,2,306,50.455134800704954,25,1261.3783700176239,1.106760192025203
2022-11-03,3,307,50.558323082131714,31,1567.3080155460832,1.241577935924117
2022-11-04,4,308,50.483841083318055,41,2069.8374844160403,1.2774214227957386
2022-11-05,5,309,50.32244306570819,33,1660.6406211683704,1.189846161978619
2022-11-06,6,310,50.30563888488246,31,1559.4748054313563,1.0473403880177496
2022-11-07,0,311,50.25498776166347,29,1457.3946450882406,0.9597512902604359
2022-11-08,1,312,50.15390536911531,16,802.4624859058449,0.9955671073518816
2022-11-09,2,313,50.13555841807267,32,1604.3378693783254,1.130343356829727
2022-11-10,3,314,50.1869765355433,26,1304.861389924126,1.265109301062517
2022-11-11,4,315,50.18600482676945,30,1505.5801448030834,1.3008942054724562
2022-11-12,5,316,50.218119185872055,30,1506.5435755761616,1.2132535967572855
2022-11-13,6,317,50.4078260805674,23,1159.3799998530503,1.0706757288259998
2022-11-14,0,318,50.371956328753726,32,1611.9026025201192,0.9830078123889034
2022-11-15,1,319,50.40107534879779,28,1411.230109766338,1.018738109446878
2022-11-16,2,320,50.34780476555545,35,1762.173166794441,1.1534221628789976
2022-11-17,3,321,50.25926412773505,31,1558.0371879597865,1.2880892623734865
2022-11-18,4,322,50.198074901118076,38,1907.526846242487,1.323768702642377
2022-11-19,5,323,50.14799029963187,30,1504.4397089889562,1.2360160416347092
2022-11-20,6,324,50.185596314719724,23,1154.2687152385536,1.0933195664629887
2022-11-21,0,325,50.43134131363192,26,1311.21487415443,1.0055265229834096
2022-11-22,1,326,50.35643351607813,36,1812.8316065788126,1.0411252102746844
2022-11-23,2,327,50.312848891923,33,1660.324013433459,1.1756712102147175
2022-11-24,3,328,50.30624537368992,39,1961.9435695739069,1.3101938533999598
2022-11-25,4,329,50.34765126965815,28,1409.7342355504281,1.3457224773479628
2022-11-26,5,330,50.375222237935894,37,1863.883222803628,1.2578126846978965
2022-11-27,6,331,50.509555970918655,24,1212.2293433020477,1.1149528091237602
2022-11-28,0,332,50.255722646293705,39,1959.9731832054545,1.026990144900815
2022-11-29,1,333,50.00601759987689,34,1700.2045983958144,1.0624130413700739
2022-11-30,2,334,49.95414205736306,39,1948.2115402371592,1.1967771325000411
2022-12-01,3,335,50.06893445142754,39,1952.688443605674,1.331111802790664
2022-12-02,4,336,49.90514655833271,34,1696.7749829833122,1.3664464454599308
2022-12-03,5,337,49.59050766493013,36,1785.2582759374845,1.278336720627846
2022-12-04,6,338,49.65026073179782,30,1489.5078219539346,1.135271021212651
2022-12-05,0,339,49.67575056252732,27,1341.2452651882377,1.047096702479648
2022-12-06,1,340,49.56170006434426,39,1932.906302509426,1.0823021764876297
2022-12-07,2,341,49.458599334483495,32,1582.6751787034718,1.2164431416320751
2022-12-08,3,342,49.35715106675373,41,2023.643193736903,1.3505490485299814
2022-12-09,4,343,49.36871455126376,51,2517.804442114452,1.385649358186866
2022-12-10,5,344,49.30319352902358,51,2514.4628699802024,1.2972998001606606
2022-12-11,6,345,49.35487927620916,35,1727.4207746673205,1.1539888384373558
2022-12-12,0,346,49.0562468395114,39,1913.1936267409446,1.0655639009587685
2022-12-13,1,347,48.96660858183753,35,1713.8313003643134,1.1005134740474252
2022-12-14,2,348,48.84880815540352,29,1416.615436506702,1.2343933319278075
2022-12-15,3,349,48.821991464309754,49,2392.277581751178,1.368233002588596
2022-12-16,4,350,48.765704414494905,33,1609.2682456783318,1.4030620259268618
2022-12-17,5,351,48.84916963087175,40,1953.96678523487,1.3144362118885247
2022-12-18,6,352,48.65465793588266,30,1459.6397380764797,1.170844106320192
2022-12-19,0,353,48.65941695764973,31,1508.4419256871417,1.0821332204726706
2022-12-20,1,354,48.71782647533818,33,1607.6882736861598,1.1167921254011608
2022-12-21,2,355,48.91205682961681,47,2298.86667099199,1.250376681461396
2022-12-22,3,356,48.861657613587866,45,2198.774592611454,1.3839165041463595
2022-12-23,4,357,48.89560035814514,35,1711.3460125350798,1.4184412222045488
2022-12-24,5,358,48.70689198930252,43,2094.3963555400082,1.3295067357540853
2022-12-25,6,359,48.45666112056904,34,1647.5264780993473,1.1856016821079072
2022-12-26,0,360,48.54503591002149,38,1844.7113645808165,1.0965736652500855
2022-12-27,1,361,48.54445422833874,36,1747.6003522201947,1.1309113502085761
2022-12-28,2,362,48.66774254509386,33,1606.0355039880974,1.2641706925235117
2022-12-29,3,363,48.524066085880975,32,1552.7701147481912,1.3973814040557226
2022-12-30,4,364,48.57845485930254,36,1748.8243749348915,1.4315732110764479
